eventID,parentEventID,samplingProtocol,sampleSizeValue_total,sampleSizeUnit,samplingEffort,startDateTime,endDateTime,waterFeatureName,countryCode,stateProvince,county,habitatDescription,verbatimLatitude,verbatimLongitude,verbatimLatitudeStart,verbatimLongitudeStart,verbatimLatitudeStop,verbatimLongitudeStop,verbatimCoordinateSystem,verbatimSRS,verbatimDatum,coordinateUncertaintyinMeters,coordinatePrecision,publicDisplay,dataAccess,fieldNumber,fieldNotes,eventRemarks,verbatimElevation,verbatimDepth,waterFeatureSubstrate,locationRemarks,footprintWKT,footprintSRS,slope,aspect,azimuth,transectLengthPILA,transectWidthPILA,transectLengthTrees,transectWidthTrees,sampleSizeType
1,,primary protocol,5000,square meters,8 hours,2023-08-04 00:00,2023-08-04 00:00,,US,California,Mariposa,mixed-conifer forest,37.69659763,-119.6834602,37.69659763,-119.6834602,37.69703235,-119.6836083,decimal degrees,EPSG:4326,WGS84,,,yes,unrestricted,,,"No PILA at actual plot. Shifted to nearest cluster of PILA. Only 5 so did not set up transect, just took WP and notes. Returned on a backpacking trip and completed a transect. PILA 6-22 are along a transect; PILA 1-5 are satellite trees surveyed at a different date.",2198.52233,,,,,,12.7,251.5,346.5,50,100,50,10,Balloon
2,,primary protocol,6000,square meters,4 hours,2023-07-26 00:00,2023-07-26 00:00,,US,California,Mariposa,mixed-conifer forest,37.63943319,-119.6407327,37.63943319,-119.6407327,37.63981206,-119.6400293,decimal degrees,EPSG:4326,WGS84,,,yes,unrestricted,,,"Old fire: mixed severity firescar ranging from 1-10m. Sloped. Mixed regen, heavy chinquapin",2139.695932,,,,,,26.4,138.5,57.5,75,80,50,10,Transect
3,,primary protocol,8400,square meters,6.5 hours,2023-08-19 00:00,2023-08-19 00:00,,US,California,Mariposa,mixed-conifer forest,37.57387406,-119.633648,37.57387406,-119.633648,37.5745098,-119.6344497,decimal degrees,EPSG:4326,WGS84,,,yes,unrestricted,,,"Chilnualna falls, ""Wawona Backpack West, UCD plot #41. GPS point @40 pt. 220 0267448 4161767 +/- 1 ft. Castelleja in the 0->50 m and the 50 -> 100 m. The 0 -> -50m range is also unburned. The plot was shifted about 10 m. calculated end point uses 140m from the beginning; should be 140m from the negative end. B in midGPS column for Beginning point is actually in the middle of the transect downslope and 10 ish m to the the east to go through the center of the densest PILA. Then field randomized (2m) along the azimuth. Once clear beetle kill tree - probably also had WPBR (2-3 bole cankers, but a bit confounded by beetles). Overall sparse PILA, but some clumps. Slope at 100m: 31.1. Slope at 40m: 30. Aspect at 100 and 40: 210 and 221, respectively.",2201.57033,,,,,,28.1,244.5,316.5,140,60,50,10,Transect
4,,primary protocol,6560,square meters,4 hours,2023-09-19 00:00,2023-09-19 00:00,,US,California,Madera,mixed-conifer forest,37.55711551,-119.5606833,37.55711551,-119.5606833,37.5572179,-119.559702,decimal degrees,EPSG:4326,WGS84,,,yes,unrestricted,,,"Wawona Dome Area. 50m transect gps point: pt. 329 027864 4159758 +/- 1ft. Slope at 50m and 82m: 30 and 31.6. Aspect at 50m and 82m: 159 and 170. Ribes within approx. 50m of plot. Mostly PIMO on ridge above, but transitions to PILA on this slope. Sporadic single tree to clumps of DEPO kill in PIMO above and PILA below plot. Nice view of Wawona Point area. M in mid column indicates that we took a middle GPS point. currently not used but could be",2387.803124,,,,,,28,174.5,96.5,82,80,50,10,Transect
5,,fire protocol,4000,square meters,2 hours,2023-09-04 00:00,2023-09-04 00:00,,US,California,Tuolumne,mixed-conifer forest,37.85225235,-119.7948142,37.85225235,-119.7948142,37.95093793,-119.9155366,decimal degrees,EPSG:4326,WGS84,,,yes,unrestricted,,,"measured 1 SD PILA near 0, -0.2. 1 more similar large PILA more downslope/ negative. 3 more smaller ~30-40 DBH 20 ish height near/ on negative side. No live PILA. High severity in plot. A few live PIPO within 40-50m. 50-400+ all dead trees. A few PILA trees, saplings, seedlings on the way down (no WPBR). From Emma Sayre notes: End info: slope is 27.5, aspect 211. WP 258 ON 66SI +/- 0ft. Nothing live, dead CADE @55.5 from end, next closest is 384. Some other SD but nothing identifiable. High severity burn.",1909.267139,,,,,,18.9,220.5,267.5,50,80,50,10,No PILA
6,,primary protocol,20000,square meters,6 hours,2023-09-16 00:00,2023-09-16 00:00,,US,California,Mariposa,mixed-conifer forest,37.76356678,-119.5641114,37.76356678,-119.5641114,37.76514118,-119.5629853,decimal degrees,EPSG:4326,WGS84,,,yes,unrestricted,,,"North Dome. This is a steep plot for 50m but there were so few trees we also extended width-wise. Pedicularis in 0-50m. Pika fire burned most of understory but generally not overstory in this area. A fews trees scortched/ torched. Understory 90% burned- black charcoal. 2 large mature PILA upslope, 2 medium PILA downslope (past our balloon plot which is already way past 200m). Waypoint at 50m: pt. 301 0274168 4182728 +/- 11 ft. Waypoint at 100m: pt 302 0274193 4182774 +/- 9ft. Waypoint at 150m: pt 303 0274212 4182799 +/-10ft. Slope at 50, 100, 150 and 200: 23.4, 20.4, 19.5 and 21.3. Aspect at 50, 100, 200: 287, 231, 287 and 294. Balloon on both ends of the transect/dumbell shaped.",2214.371929,,,,,,20.5,306.5,42.5,200,100,50,10,Balloon
7,,primary protocol,20000,square meters,2.5 hours,2023-10-08 00:00,2023-10-08 00:00,,US,California,Tuolumne,mixed-conifer forest,37.90924082,-119.4657347,37.90924082,-119.4657347,37.90850849,-119.4636572,decimal degrees,EPSG:4326,WGS84,,,yes,unrestricted,,,"Cool wolf lichen? w/  brown fruitng bodies falling in plot. Chose direction to avoid drainage and resulting aspect/ elevation change. No PILA on route down creek or on this slope w/ this aspect. Opposite side of the creek has a stand of PIMO and many on ridge. 10+ PIMO in a clump 450-500m away (near creek junction) with some flag/ flagging, scattered beetle kill 3-5 tree out of 100 ish. have GPS point for 50m, only calc for 200m.",2293.315127,,,,,,16,210,115.5,200,100,50,10,No PILA
8,,fire protocol,20000,square meters,2 hours,2023-07-21 00:00,2023-07-21 00:00,,US,California,Tuolumne,mixed-conifer forest,37.98161193,-119.7188579,37.98161193,-119.7188579,37.98181521,-119.7166911,decimal degrees,EPSG:4326,WGS84,,,yes,unrestricted,,,"No mature PILA or saplings or seedlings. Lots of ABMA seedlings on opposite slope (NW facing) but no regen of any species on this side.  No mature PILA observed with bions within 500m to completed as a high severity protocol. Did a grid search in a 200 x 100m plot for PILAsaplings plus rescanned for mature with binos. Fire recent `2-5 years ago. Small ABCO dead, shrubs resprouting. No sign of older dead PILA. Waypoint at 50m: pt. 129 0261251 4207274 +/- 5ft. Aspect at 50m: 18.8. Slope at 50m: 18.8. Plot elevation at 50: 7589 ft.",2290.876727,,,,,,16.8,192.5,104.5,200,100,50,10,No PILA
9,,primary protocol,12300,square meters,7 hours,2023-09-14 00:00,2023-09-14 00:00,,US,California,Mariposa,mixed-conifer forest,37.74193908,-119.6307788,37.74193908,-119.6307788,37.74217351,-119.6295616,decimal degrees,EPSG:4326,WGS84,,,yes,unrestricted,,,"Plot was moved ~30m downslope from center of point to capture more PILA. Field randomized 3m. Very small stream through plot @ ~30 Dout, disappears before 40 Dside, possible spring near tree 3&4. Understory much drier past the 50m and downslope. Unofficial survey to 200m found 2 more PILA just outside plot one -50m dSide and one over 200m dOut. 6-7 PILA on the right (positive) side, but some too close to the trail (within the trail buffer). A lot of MECH from wind. Lots of yellowing needles--maybe seasonal. Plot waypoint at 50m: pt. 269 0268252 4180448 +/- 1 ft. Slope at 50 and 108: 25.5 and 23.9. Aspect at 50 and 108: 112 and 188. Trees 1, 15, 19, 20, 26, 27 , 28 and 31 were within 10m of a trail on the left (negative) side. Survey includes tree 1, which is 13.7m before the GPS start on the transect, making the full surveyed length 123m while the distance between gps start and gps end is 108m. GPS points at 0m and 108m, but trees surveyed out to -13.7 and -108.9m",2257.348728,,,,,,8.8,198.5,88.5,123,100,50,10,Balloon
10,,primary protocol,20000,square meters,6.5 hours,2023-08-17 11:30,2023-08-17 17:00,,US,California,Madera,mixed-conifer forest,37.51793065,-119.5278353,37.51793065,-119.5278353,37.51901762,-119.528415,decimal degrees,EPSG:4326,WGS84,,,yes,unrestricted,,,"Plot was randomly selected, but supposed to be in a high severity area. In reality, the plot was unburned. At 150m the transect ran into a rock and plunged into a creek bed. There were about 5-6 PILA along the steep creek banks, but all within the 10m creek buffer. They would have been around 150-160m Dout on the negative side towards the stream. This area also had PIMO with possible WPBR. Slope 20.1 at the start, but steeper at the 150 end about 22 degrees. Aspect was 59 magnetic = 61.5 true at the start and 46 magnetic = 58.5 true at the 150 end. Point 210 was the beginning of the trasect. Point 211 was the tree closest to the 150 end. Point 213 is the farthest point away from point 211, so should probably be considered the negative end. calculated end point uses 200m from the beginning; should be 200m from the -50m end. B in midGPS column for Beginning point is actually in the middle of the transect. Last few trees might be a little balloony.",2147.315931,,,,,,22,71.5,342.5,200,100,50,10,Transect
11,,primary protocol,8000,square meters,5 hours,2023-07-07 00:00,2023-07-07 00:00,,US,California,Mariposa,mixed-conifer forest,37.64566129,-119.7121093,37.64566129,-119.7121093,37.64580463,-119.710991,decimal degrees,EPSG:4326,WGS84,,,yes,unrestricted,,,"Near development, shifted plot 10m from slash pile and 45m from road. Ribes within plot; more on the right side. Possible low severity fire; burn scars 0.5-2m high. Little regen, lots of litter and some downed logs.",1888.84554,,,,,,1.6,179.5,82.5,100,80,50,10,Transect
12,,primary protocol,15000,square meters,4.5 hours,2023-07-20 00:00,2023-07-20 00:00,,US,California,Tuolumne,mixed-conifer forest,37.97613166,-119.734865,37.97613166,-119.734865,37.97678282,-119.7363604,decimal degrees,EPSG:4326,WGS84,,,yes,unrestricted,,,"Spring in plot near -7m DOut and bear poop; no cone producing trees in or near plot. Seed dispersal--wind and/or bear? No ribes, pedicularis or castelleja observed within the plot, but noted within 100m on the way to the plot. Bear/climber trail to Hetch Hetchy Dome is much better than the way we took down! Departure from trail noted on GPS/Avenza. A lot of old standing dead and down could be PILA, but PILA and PIPO bark looks similar in this plot and too old to assess for WPBR anyway. Seven PILA seedlings throughout the plot. Regen from dead trees? bears? One big tree just before the plot in poor health.",1952.853538,,,,,,16,186.5,300.5,150,110,50,10,Transect
13,,primary protocol,17000,square meters,6.75 hours,2023-07-09 10:30,2023-07-09 17:15,,US,California,Mariposa,mixed-conifer forest,37.5216558,-119.5957647,37.5216558,-119.5957647,37.5209153,-119.5940819,decimal degrees,EPSG:4326,WGS84,,,yes,unrestricted,,,"Slope: 20 average, 24 up, 16 down. Aspect: 42 beg, 19 end. Spring through plot at ~46m dOut. Goes underground through transect, more present upslope (+dside), pops out 8 or so meters downslope. Some large trees have yellowing tops/branch tips or old dead branch tips could be ipps beatles.ABCO, PSME, and PILA seedlings growing around most big PILA andd around the plot. Beautiful view of YOSE high country on hike in. A few sketchy snags in and near plot. Next live clump in 150-200+m ~12 live PILA, no signs of WPBR, DBH 100+, heights 50+m",1814.169542,,,,,,20,54.5,120.5,170,100,50,10,Transect
14,,fire protocol,1500,square meters,4 hours,2023-08-07 00:00,2023-08-07 00:00,,US,California,Tuolumne,mixed-conifer forest,37.78557528,-119.8815028,37.78557528,-119.8815028,37.78596811,-119.8817802,decimal degrees,EPSG:4326,WGS84,,,yes,unrestricted,,,"After 50 meters, sharp ravine, 380 meter away from 0 spotted 1 mature PILA with cones, heavy burn area, CEIN heavy, extremely hard to navigate",1685.848746,,,,,,16.3,40.5,332.5,50,30,50,10,Transect
15,,fire protocol,11267.52,square meters,4 hours,2023-08-09 00:00,2023-08-09 00:00,,US,California,Tuolumne,mixed-conifer forest,37.76710371,-119.8455761,37.76710371,-119.8455761,37.7678981,-119.8462573,decimal degrees,EPSG:4326,WGS84,,,yes,unrestricted,,,"Plot on slope with thick head high white thorn and CEIN; hard to move through. High severity burn. Lots of downed logs and SD. 3 PILA seedlings found right before beginning of transect. Saplings and seedlings mostly found in clearings near SD. Closest stand of PILA is 60m behind the start of the transect on a different aspect, and on other side of a ravine. PILA regen happening in open clearings and ravines. May not be spatially independent from 16; based off same point.",1770.583143,,,,,,20.6,259.5,327.5,106.7,105.6,50,10,Transect
16,,primary protocol,4000,square meters,6 hours,2023-08-03 00:00,2023-08-03 00:00,,US,California,Tuolumne,mixed-conifer forest,37.76490567,-119.8444363,37.76490567,-119.8444363,37.76519366,-119.8448724,decimal degrees,EPSG:4326,WGS84,,,yes,unrestricted,,,SUS activity toward 50 and 50 meters Dside. Just outside of 50 there is a tree with a Dtop. Lots of PILA regen. May not be spatially independent from 15; based off same point,1791.004743,,,,,,13.8,254.5,311.5,50,80,50,10,Transect
17,,fire protocol,16000,square meters,4 hours,2023-09-02 00:00,2023-09-02 00:00,,US,California,Tuolumne,mixed-conifer forest,37.83226146,-119.756853,37.83226146,-119.756853,37.83189423,-119.759066,decimal degrees,EPSG:4326,WGS84,,,yes,unrestricted,,,Handful of very burnt charcoal that could be anything imaginable. Transect ran cross slop on hill side that slants into flat area filled with whitethorn. Halfway of transect waypoint: #254 11S 0257338 UTM 4190782 +/- 0 ft. End of plot aspect: 172 degrees. End of plot slope: 8.7 degrees.,1953.463137,,,,,,12.9,160.5,265.5,200,80,50,10,Transect
18,,primary protocol,13920,square meters,4.5 hours,2023-08-05 00:00,2023-08-05 00:00,,US,California,Mariposa,mixed-conifer forest,37.75252016,-119.8483762,37.75252016,-119.8483762,37.75391339,-119.8492797,decimal degrees,EPSG:4326,WGS84,,,yes,unrestricted,,,"Low severity fire, not much understory.Somewhat on ridge. Close to road ~40 m. Moved plot to get SPs and away from road -> original plot was in middle of road. Large adult SP, ABCO, PIPO, CADEs. Regen SPs, CADEs, little ABCO. Downed logs. Slash piles ~20 m from the start of the 0.",1803.806342,,,,,,9.3,96.5,334.5,174,80,50,10,Transect
19,,primary protocol,8000,square meters,6 hours,2023-06-27 00:00,2023-06-27 00:00,,US,California,Mariposa,mixed-conifer forest,37.67795696,-119.6801693,37.67795696,-119.6801693,37.67827312,-119.6797385,decimal degrees,EPSG:4326,WGS84,,,yes,unrestricted,,,plot photos Jenny's phone 11:53 smaller holes see Jenny's phone 1:37 on 6/27/23 for pictures; slope: 19.5 @ end 16.3 @ start,2069.591934,,,,,,16.3,47.5,131.5,100,80,50,30,Transect
21,,fire protocol,9000,square meters,3.5 hours,2023-07-23 08:30,2023-07-23 12:00,,US,California,Tuolumne,mixed-conifer forest,37.81538112,-119.7784639,37.81538112,-119.7784639,37.81627934,-119.7782022,decimal degrees,EPSG:4326,WGS84,,,yes,unrestricted,,,"Trasect starts in high severity CECO clearning, but 51-100m is forest with more surviving mature trees. In general area surrounding the plot, a lot of the largest PILA are dead. Biggest sapling cluster under our biggest dead tree. Lots of seedlings (very small to 0.9m height), ABCO and PIPO too.",1935.175138,,,,,,7.7,133.5,27.5,100,90,50,10,Transect
24,,primary protocol,15131.28,square meters,5 hours,2023-08-06 00:00,2023-08-06 00:00,,US,California,Tuolumne,mixed-conifer forest,37.78187376,-119.7966103,37.78187376,-119.7966103,37.78083518,-119.7949225,decimal degrees,EPSG:4326,WGS84,,,yes,unrestricted,,,"Lots of regen - PILA, ABCO. Streams on both sides ~100m away. Shaded area. Hipso died in plot so heights are estimated.",1673.656746,,,,,,5.4,51.5,129.5,188.2,80.4,50,10,Transect
25,,primary protocol,12864,square meters,3.45 hours,2023-08-31 00:00,2023-08-31 00:00,,US,California,Tuolumne,mixed-conifer forest,38.01327605,-119.8769631,38.01327605,-119.8769631,38.01201359,-119.8781095,decimal degrees,EPSG:4326,WGS84,,,yes,unrestricted,,,"Seedling count in 150-200m column is only for 150-161m. Slope @0 is 9, @160 is 8.7. Aspect @0 is 114, @160 is 162.  Plot is mostly low severity to moderate with small patches of high severity. High severity patch on the negative end of the transect. Chose azimuth based on PILA. A lot of PIPO and CADE regen (along wiht some PILA), lots in 100-150m region. Dry drainage crossed transect around 100m. Species shifts towards those that like water past there.",1802.282342,,,,,,9,126.5,230.5,160.8,80,50,10,Transect
26,,fire protocol,3000,square meters,9 hours,2023-08-04 15:00,2023-08-05 16:00,,US,California,Tuolumne,mixed-conifer forest,37.80179853,-119.8905027,37.80179853,-119.8905027,37.8015899,-119.8909261,decimal degrees,EPSG:4326,WGS84,,,yes,unrestricted,,,"5 mature large PILA (DBH 100+, height 40+, all but 1 with cones) just outside plot (dSide +73 and beyond). 1 more similar ~25DBH SD PILA (dOut -10); One ~80DBH DD PILA propped against ABCO #259 on associated trees survey.",1486.204752,,,,,,3,318.5,245.5,50,60,50,5,Transect
28,,primary protocol,7100,square meters,6.5 hours,2023-08-07 11:30,2023-08-07 18:00,,US,California,Mariposa,mixed-conifer forest,37.73395731,-119.8180867,37.73395731,-119.8180867,37.73381083,-119.8186468,decimal degrees,EPSG:4326,WGS84,,,yes,unrestricted,,,"Moss canyon; 0.8-0.9m and shorter seedlings scattered throughout the plot. Observed one big mature PILA on the hike in from the drainage. Lots of beautiful cones--possible source for many of the seedlings and saplings in the plot. Also, 4 mature PILA with tiny cones (immature) 30-45m towards the creek. calculated end point uses 71m from the beginning; should be 71m from the negative end. B in midGPS column for Beginning point is actually in the middle of the transect.",1749.856744,,,,,,20,167.5,253.5,71,100,50,10,Transect
29,,fire protocol,16000,square meters,1.5 hours,2023-09-01 00:00,2023-09-01 00:00,,US,California,Tuolumne,mixed-conifer forest,37.94899537,-119.9132757,37.94899537,-119.9132757,37.94746306,-119.9144711,decimal degrees,EPSG:4326,WGS84,,,yes,unrestricted,,,"Mostly large SD Btop PIPOS. Lots of PIPO regen around, lots of downed logs. High severity burn. Closest stand of live about 3 mature PILA 64m away @ 336 degrees. Another cluster of trees with at least 1 mature 156m away at 20 degrees. Black oak and PIPO in 100-200m. No PILA seedlings/saplings/mature trees in transect. No PILA cones on ground.",1544.421551,,,,,,14.2,126.5,213.5,200,80,50,10,No PILA
30,,fire protocol,32000,square meters,2.5 hours,2023-07-18 00:00,2023-07-18 00:00,,US,California,Tuolumne,mixed-conifer forest,37.98044776,-119.7805598,37.98044776,-119.7805598,37.97904372,-119.7819854,decimal degrees,EPSG:4326,WGS84,,,yes,unrestricted,,,"HetchHetchyNearTarn. 305 @ beg 336 @ end, creek about 30 m away, parallel to the transect castelleja found in 0-50 m, pedicularis found, regen seedlings and saplings of PIPO, ABCO, CADE more common, some PILA seedline especially from 50 - 70m dout; topography is weird because plot is in a depression. So choosing cross - slope is challenging. stopped at ~ 70m dout due to drop in elevation to grassy area with PIPO and CADE. Then surveyed in other direction to capture 2 more PILA. Dumbell shaped. Currently calculates the positive endpoint correctly ( we think), but need to back-calculate the negative endpoint based on the distance. Worth looking at with tree data points. Position, DBH and height estimated for some trees, but likely good estimates as we were close.",1926.640738,,,,,,4,317.5,220.5,200,160,50,10,Balloon
31,,fire protocol,30000,square meters,6.5 hours,2023-08-06 11:00,2023-08-06 17:30,,US,California,Tuolumne,mixed-conifer forest,37.78606783,-119.8374821,37.78606783,-119.8374821,37.78481323,-119.8355821,decimal degrees,EPSG:4326,WGS84,,,yes,unrestricted,,,"PILA locations estimated using compass, hypsometer, and trigonometry. Only did associated species on the negative (left) side because otherwise too time consuming. Balloon on both ends of the transect. One end has two GPS trees while the other has trees with estimated position based on trig. ",1466.087953,,,,,,12,354.5,131.5,300,100,50,5,Balloon
32,,fire protocol,12000,square meters,4.5 hours,2023-08-22 12:30,2023-08-22 17:00,,US,California,Tuolumne,mixed-conifer forest,37.80954518,-120.0034861,37.80954518,-120.0034861,37.80913639,-120.003355,decimal degrees,EPSG:4326,WGS84,,,yes,unrestricted,,,"Lots of poison oak; balloon plot around 200m further across a drainage. Did not assess the area in between for ribes and seedlings due to poison oak. Convex hull likely ok for area, at least for large PILA, but may want to consider using 2 smaller transects for area for small PILA.",1063.447166,,,,,,29.5,93,180.5,200,60,50,10,Balloon
34,,primary protocol,14409.5,square meters,7 hours,2023-09-01 00:00,2023-09-01 00:00,,US,California,Tuolumne,mixed-conifer forest,37.95169409,-119.9130865,37.95169409,-119.9130865,37.95097165,-119.9149696,decimal degrees,EPSG:4326,WGS84,,,yes,unrestricted,,,Slope(@0): 6.3. Slope(@179): 8.2. Aspect(@0): 14. Aspect(@179): 345. Random plot. Shifted to capture more PILA. Lots of CEIN. Saw a rattlensnake!,1538.325551,,,,,,6.3,26.5,259.5,179,80.5,50,10,Transect
35,,primary protocol,9120,square meters,10 hours,2023-07-06 09:30,2023-07-06 19:30,,US,California,Mariposa,mixed-conifer forest,37.5243532,-119.6451424,37.5243532,-119.6451424,37.52436857,-119.6441473,decimal degrees,EPSG:4326,WGS84,,,yes,unrestricted,,,"No ribes, slope 13.9 @ beg 7.4 @ end, aspect 306@ beg 346@ end",1345.691957,,,,,,13.9,318.5,90.5,114,80,50,20,Transect
36,,primary protocol,4500,square meters,10 hours,2023-07-25 00:00,2023-07-25 00:00,,US,California,Mariposa,mixed-conifer forest,37.51538938,-119.6570774,37.51538938,-119.6570774,37.51583436,-119.6569901,decimal degrees,EPSG:4326,WGS84,,,yes,unrestricted,,,"Field width is actually 40m on one side and 50m on the other, but entered as 45m. Lots of dead and downs. Tons of regen -> CADE, ABCO, PILA, Quercus. Open canopy; exposed mountainside. Low severity fire approximately 20 years ago. Group of seedlings and saplings ranging 0-1.5 m tall. Approx 50 in the 35-40 meter belt (d left), d out 28-50 m 20+ sap and 30+ seedling.",1590.446349,,,,,,13.4,264.5,370.5,50,90,50,10,Transect
37,,primary protocol,20000,square meters,2.75 hours,2023-07-24 09:00,2023-07-24 11:45,,US,California,Tuolumne,mixed-conifer forest,37.8509864,-119.8672765,37.8509864,-119.8672765,37.85105742,-119.8650067,decimal degrees,EPSG:4326,WGS84,,,yes,unrestricted,,,"Based on Avenza, shifted across the creek onto FS land. Opposite aspects but similar elevation. Across creek (in private property) more PIPO seedlings/saplings (more dense).  From 150-180, very dense PIPO seedlings and saplings. Stopped @ 180 due to property boundry line and PIPO too dense to see. Did quick visual survey from 0 -> -20 and also found no PILA.3 mature PILA w/ cones. Closest big dead top 232 m to the side the of the transect. No other WPBR symptoms. Slope at 50 is 7. Aspect at 50 is 169. On data seet: 2-5 similar dead snags, but unclear whether PIPO or PILA. The angular error between the GPS and calculated end points is very high - maybe look at the angle without the magnetic adjustment, or calculate the apparent azimuth based on the beginning and end GPS points.",1340.815157,,,,,,6,172.5,89.5,200,100,50,10,Transect
39,,primary protocol,4000,square meters,4 hours,2023-08-08 00:00,2023-08-08 00:00,,US,California,Tuolumne,mixed-conifer forest,37.80114805,-119.8669938,37.80114805,-119.8669938,37.80132213,-119.8675172,decimal degrees,EPSG:4326,WGS84,,,yes,unrestricted,,,"lots of regen, PIPO, PILA, some CADE, little to no ABCO some Doug Fir, Fire was high sev some time ago, lots of downed logs, big healthy PILA here, adjusted plot to other side of road to avoid campsite",1479.803953,,,,,,4.8,210.5,294.5,50,80,50,10,Transect
41,,primary protocol,4000,square meters,3 hours,2023-08-17 00:00,2023-08-17 00:00,,US,California,Mariposa,mixed-conifer forest,37.73410159,-119.5582722,37.73410159,-119.5582722,37.73450312,-119.5580153,decimal degrees,EPSG:4326,WGS84,,,yes,unrestricted,,,"Aspect was 334 facing away from river and 92 toward river. Started off GPSing individuals because no dense cluster of PILA nearby. Went back and set up transect where we found the 3 PILAs. One tree (PILA4) is some 300-400m away, across a road, on a different aspect. Likely should not be part of plot but is fully assessed. ",1248.15596,,,,,,1.4,346.5,28.5,50,80,50,10,Transect
43,,primary protocol,1320,square meters,5 hours,2023-06-24 12:00,2023-06-24 17:00,,US,California,Madera,mixed-conifer forest,37.45952276,-119.6162,37.45952276,-119.6162,37.45911193,-119.6162791,decimal degrees,EPSG:4326,WGS84,,,yes,unrestricted,,,"Off USFS road near Fish Camp; very brushy, steep, fallen logs. Moderate fire severity with regeneration. Soil type is decomposed granite and organics and about 5% rock. This was the first training plot. The transect extends 44m to the edge of a creek. The rest of the plot is a messy balloon. Area should probably be the convex hull. ",1541.678351,,,,,,9.8,264.5,189.5,44,30,44,30,Balloon
44,,fire protocol,16000,square meters,6 hours,2023-09-05 11:00,2023-09-05 17:00,,US,California,Tuolumne,mixed-conifer forest,37.77053107,-119.8865258,37.77053107,-119.8865258,37.77069396,-119.8866227,decimal degrees,EPSG:4326,WGS84,,,yes,unrestricted,,,"This is the direction we were supposed to go due to randomization, but road cut cliffs (over 40 degrees) present a safety hazard. 0 to -100 had PSME, CADE, QUKE, PIPO, PILA seedlings, saplings, and mature trees. Calculate a positive end point using length of 20m; calculate the negative end using the negative length.",1602.638349,,,,,,28.7,56.5,336.5,200,80,50,10,Transect
45,,primary protocol,7600,square meters,5 hours,2023-07-10 00:00,2023-07-10 00:00,,US,California,Mariposa,mixed-conifer forest,37.53503056,-119.6616105,37.53503056,-119.6616105,37.53509662,-119.6626766,decimal degrees,EPSG:4326,WGS84,,,yes,unrestricted,,,"Slope: 5 beg, 13.1 end. Aspect: 36 beg, 16 end. many seedlings ABCO, lots of PIPO and PILA. At least one PILA seedling w WPBR. CEIN has scale and spittlebugs. A lot of PIPO regen near the random point but not so many PILA, so shifted plots ~ 100 m to capture more PILA.",1276.502359,,,,,,5,48.5,296.5,95,80,50,10,Transect
48,,primary protocol,NA,square meters,3 hours,2023-09-15 09:00,2023-09-15 11:00,,US,California,Mariposa,mixed-conifer forest,37.76041641,-119.5927638,37.76041641,-119.5927638,37.7599582,-119.5927024,decimal degrees,EPSG:4326,WGS84,,,yes,unrestricted,,,"We did associated trees and understory at original point 60m from trail and underneath a rocky outcrop, but no PILA. Tree 1 is the closest PILA we could see. Possible Dend and or ipps activity in PIJE on the ridge above the plot. 14-15 more PILA on the other side of ridge (opposite aspects) see note on phone. Area for this plot is listed as NA because this plot does not really fit  within our study design. These PILA would be high quality iNat observations, but really do not meet criteria for the study. Area could be calculated as the convex hull between the GPS'ed PILAs, but the area between these points is far to vast to assume there are zero sugar pines in between. ",2128.723132,,,,,,10.2,259.5,186.5,50,20,50,10,Observation
49,,primary protocol,8000,square meters,6.5 hours,2023-07-07 10:30,2023-07-07 16:00,,US,California,Mariposa,mixed-conifer forest,37.51875053,-119.636584,37.51875053,-119.636584,37.51953203,-119.637098,decimal degrees,EPSG:4326,WGS84,,,yes,unrestricted,,,"Slope: 24 start, 21 end. Aspect: 76 start, 46 end. Tree 5 possible recovered tree from WPBR? Tree 6 just outside plot to side near creek, tree 2 just outside negative, ~3 other saplings a bit further. Lots of PILA seedlings <1m. RIRO in plot - creek ~10m past downslope plot edge.",1218.590361,,,,,,24,88.5,354.5,100,80,50,10,Transect
50,,fire protocol,3000,square meters,6 hours,2023-08-23 08:15,2023-08-23 16:00,,US,California,Tuolumne,mixed-conifer forest,37.80738591,-120.0117613,37.80738591,-120.0117613,37.80701409,-120.0120814,decimal degrees,EPSG:4326,WGS84,,,yes,unrestricted,,,"Rim of the world upper. randomly selected direction cross slope, but hit drainage, rest of the area covered in CEIN 40%, QUCH 10%, QUKE 30%, RIRO 1%, ARVI 6%, TODI 2%, PSME 5%, PIPO 2%, PILA 21% in this cleaing we also see quite a few PSME & PIPO saplings. There may be some PILA saplings too but we're too far away. All PILA assessed from distance, beetle assessment based on canopy only dbh estimated height/bearing/dout measured from road. Slope: 31 @ 0 34 @ 50; aspect: 295@ 0 39@ 50. This was the Rim of the World upper plot in Stanislaus National Forest. Jenny did associated trees and veg survey alone at the high severity location. The nearest trees were well over 500m away, but surveyed with binoculars and position estimated with trig. ",1200.911962,,,,,,31,307.5,212.5,50,60,50,10,Trigonometry
54,,primary protocol,13600,square meters,17.25 hours,2023-06-23 13:30,2023-06-28 00:00,,US,California,Mariposa,mixed-conifer forest,37.49452744,-119.6285501,37.49452744,-119.6285501,37.49583863,-119.6295428,decimal degrees,EPSG:4326,WGS84,,,yes,unrestricted,,,"First plot. Shifted plot towards creek to avoid slash pile. Plot 30-40m from a small creek. 2 PILA about 40m tall not sampled due to being within 1-2m from the creek and across the creek. Very high species richness due to creek. A few suspicous old dead branches, but none clearly due to WPBR.",1547.16475,,,,,,1,12.5,330.5,170,80,50,15,Transect
55,,primary protocol,14700,square meters,6.5 hours,2023-08-11 08:30,2023-08-11 15:00,,US,California,Tuolumne,mixed-conifer forest,37.92593828,-119.7662874,37.92593828,-119.7662874,37.92486119,-119.7672593,decimal degrees,EPSG:4326,WGS84,,,yes,unrestricted,,,"Pedicularis present, seedling near 100m Dout, 15m Dside has WPBR, height 0.3, photos @ 12:04pm. Lots of seedlings, 2-5 more saplings just past 147m. PIPO and PIJE cones in plot. High severity over ridge. Low to mixed severity in 0-100m. Mixed to high severity 100-147m. Near creek with water.",1972.055937,,,,,,7.3,145.5,227.5,147,100,50,10,Transect
56,,primary protocol,4000,square meters,7 hours,2023-07-24 00:00,2023-07-24 00:00,,US,California,Mariposa,mixed-conifer forest,37.49640329,-119.5950821,37.49640329,-119.5950821,37.49681175,-119.5948439,decimal degrees,EPSG:4326,WGS84,,,yes,unrestricted,,,"Lots of PILA regen. Lots of downed trees. Saw RIRO on way to the plot. Observed PILA with WPBR symptoms (Dtop, entry point) on way to plot.",1903.475939,,,,,,8.7,316.5,26.5,50,80,50,10,Transect
57,,fire protocol,20000,square meters,4 hours,2023-07-23 15:00,2023-07-23 19:00,,US,California,Tuolumne,mixed-conifer forest,37.81384244,-119.8181699,37.81384244,-119.8181699,37.81378674,-119.8159004,decimal degrees,EPSG:4326,WGS84,,,yes,unrestricted,,,"Yosemite Wilderness. Very dense CEIN and Prunus on the way to the plot. Castelleja and RIRO on the way to the plot. Lots of PIPO, ABCO, some CADE (very burned with bark sloughing). PILA seedling about 53m out on the transect with 2 flags--probably NECH. Also 0.9m tall seedling close to last ABCO (Dout about 49.1).",1680.971946,,,,,,50,368.5,93.5,200,100,50,10,Transect
58,,primary protocol,4000,square meters,8.5 hours,2023-07-11 13:15,2023-07-12 10:00,,US,California,Tuolumne,mixed-conifer forest,37.82755334,-119.9336976,37.82755334,-119.9336976,37.82691102,-119.936042,decimal degrees,EPSG:4326,WGS84,,,yes,unrestricted,,,"Actual transect was 50m, but added visual extension to make it 212m. Slope changed from 18 to 7 throughout transect. Aspect changed from 351 to 344. Elevation changed from 5230 to 1594m. Cow poop on trail near plot.  PILA seedlings (at least 2 with probable WPBR). ABCO, PSME, and PIPO regen. Trees 1-4, 22 on ridge/just over with aspect closer to 1700. Trees 16 and 17 on rock outcrop. Dout ~58, there is a clump of 4 SD broken PILA with 50-70 DBH. Lots of CEIN and CUFO in understory. Surveyed for saplings in 1st 50m. Only rounded 0.9+ saplings to 1m due to sparse PILA and saplings. Next mature tree alongs transect 214m from last tree (Dout ~426m). Trees 21-45 are an estimated balloon near camp; closest PILA to plot trees and lower sawmill plot. Tree 43 is 5m towards road from clump; no WP. Castelleja in and out of the plot. Needed trig to determine some relative tree locations.",1594.103949,,,,,,18,363.5,263.5,212,80,50,10,Transect
59,,fire protocol,16000,square meters,5 hours,2023-07-12 10:00,2023-07-12 15:00,,US,California,Tuolumne,mixed-conifer forest,37.82968398,-119.9328051,37.82968398,-119.9328051,37.82939289,-119.9350461,decimal degrees,EPSG:4326,WGS84,,,yes,unrestricted,,,"Actual plot roadside assessment: Lots of CEIN, QUKE resprouts. Visual percent cover from road: 7% rock, 30% QUKE, 65% CEIN. Mature SD: PSME, ABCO, CADE, some PILA and PIPO. Replanting PILA seedlings. No WPBR, no lives trees. WP: 85. Original UTM: 0281780, 4191531. Accuracy: 0. Slope: 13. Aspect: ~343. *Moved plot: slope @ 0m = 7, 50m=12, 200m=9.6. Aspect @ 0m=306, 50m = 294, 200m=293. Elevation changed to 1534m at the end. High severity area. PILA seedlings near trees 1 and 2. No secondary hosts. RIRO near trees 1 and 2 also all over plot. Pretty closed canopy. Transect listed as 200m, but probably closer to 250-300m.",1534.058351,,,,,,7,318.5,262.5,200,80,50,10,Balloon
60,,primary protocol,8800,square meters,5 hours,2023-07-27 00:00,2023-07-27 00:00,,US,California,Mariposa,mixed-conifer forest,37.51714251,-119.6181438,37.51714251,-119.6181438,37.51762432,-119.6170568,decimal degrees,EPSG:4326,WGS84,,,yes,unrestricted,,,"Stream before 0m and a very small stream at 34m. Mixed burn with high severity fading to low severity as we progress to 50m. Sharp slope east that becomes level at transect. Steep ravine after 110m, so we used hipso to estimate distance/height and estimated DBH of inaccessible PILAS in the distance. Transect length is up to about 150m on the left side, but the trees in 110m-150m section on the right are primarily estimated. Beyond 150m all trees are estimated.",1617.878348,,,,,,18.6,338.5,62.5,110,80,50,10,Balloon
61,,primary protocol,16648,square meters,2 hours,2023-08-02 00:00,2023-08-02 00:00,,US,California,Mariposa,mixed-conifer forest,37.62742825,-119.6716341,37.62742825,-119.6716341,37.62592867,-119.673048,decimal degrees,EPSG:4326,WGS84,,,yes,unrestricted,,,"No sugar pine regen, plenty of cedar and white fir. Very tall ABCOs with closed canopies, not a lot of sunlight shining through clearing.Lots of downed logs",1846.173541,,,,,,3.6,300.5,218.5,208.1,80,50,10,Transect
64,,fire protocol,36192,square meters,5 hours,2023-08-09 11:30,2023-08-09 17:30,,US,California,Tuolumne,mixed-conifer forest,37.90410452,-119.7563717,37.90410452,-119.7563717,37.90372122,-119.7540575,decimal degrees,EPSG:4326,WGS84,,,yes,unrestricted,,,"Smith Mountain South. Position on ridge makes one azimuth better for a 200m run, so we didn't randomize. Full of whitethorn, so no proper sapling sweep, but we walked the 200m and saw no emergent saplings. Two trees noted at the bottom would be in plot. Missed a smaller 40ish DBH, 25m height PILA, but it was over 50m to the side.",1949.500738,,,,,,5.5,209.5,103.5,208,174,50,10,Trigonometry
65,,fire protocol,20000,square meters,5.75 hours,2023-08-10 11:00,2023-08-10 16:45,,US,California,Tuolumne,mixed-conifer forest,37.93100749,-119.7464557,37.93100749,-119.7464557,37.9310248,-119.7487998,decimal degrees,EPSG:4326,WGS84,,,yes,unrestricted,,,Smith Mountain Peak. We randomized direction of azimuth because topography and safety looked similar on both sides. Lots of whitethorn 50-200m.,2224.430329,,,,,,7.8,36.5,283.5,200,100,50,10,Transect
67,,primary protocol,18049.14,square meters,9 hours,2023-07-21 00:00,2023-07-21 00:00,,US,California,Mariposa,mixed-conifer forest,37.67502457,-119.5311633,37.67502457,-119.5311633,37.67622903,-119.5324829,decimal degrees,EPSG:4326,WGS84,,,yes,unrestricted,,,Slope said 5-7 degrees. Mixed severity fire approx 10yr. Tons of whitethorn. Seedlings typically in open areas.,2105.558333,,,,,,6,16.5,320.5,177.3,101.8,50,30,Transect
68,,fire protocol,8249.04,square meters,4 hours,2023-07-09 00:00,2023-07-09 00:00,,US,California,Mariposa,mixed-conifer forest,37.50287134,-119.6004978,37.50287134,-119.6004978,37.50301248,-119.6012703,decimal degrees,EPSG:4326,WGS84,,,yes,unrestricted,,,High severity burn throughout area- the plot itself is moderate and low severity,1976.627937,,,,,,22.9,20.5,284.5,80.4,102.6,50,10,Balloon
70,,primary protocol,4280,square meters,2 hours,2023-08-19 00:00,2023-08-19 00:00,,US,California,Mariposa,mixed-conifer forest,37.7013779,-119.5422441,37.7013779,-119.5422441,37.70179822,-119.5424478,decimal degrees,EPSG:4326,WGS84,,,yes,unrestricted,,,"adjusted plot due to no PILA in original plot, relatively flat area with same aspect as original plot, lots of PILA adults with not much regen, lots of manzanita, slope steepens 50+ meters dside left by a lot.",2101.291133,,,,,,14.6,256.5,340.5,50,85.6,50,10,Transect
71,,primary protocol,26390,square meters,6 hours,2023-07-12 00:00,2023-07-12 00:00,,US,California,Mariposa,mixed-conifer forest,37.69397655,-119.7046957,37.69397655,-119.7046957,37.69482427,-119.7056281,decimal degrees,EPSG:4326,WGS84,,,yes,unrestricted,,,"Lots of dead and down PILAS. Road nearby >200m away. Medium severity burn 10yrs ago. Dense PILA cluster 480m dsideR on a ridge. PIPO dominant. Heavy PIPO regen, no PILA regen. PILAS spread out 100+ m on both sides of transect; only 3 ~120m dside",1617.878348,,,,,,16.4,34.3,320.5,175,150.8,50,10,Transect
72,,fire protocol,16000,square meters,8 hours,2023-06-26 00:00,2023-06-26 00:00,,US,California,Mariposa,mixed-conifer forest,37.68087706,-119.6912153,37.68087706,-119.6912153,37.67975541,-119.6894635,decimal degrees,EPSG:4326,WGS84,,,yes,unrestricted,,,Glacier Point Road Closure. 1 old dead top near plot that looks sus. High severity fire near the plot. ~1m gap between 1st 50m and 2nd 50 m - adjusted in field,1874.82474,,,,,,NA,NA,130.5,200,80,50.5,20,Transect
73,,fire protocol,3420,square meters,5 hours,2023-10-13 13:00,2023-10-13 18:00,,US,California,Mariposa,mixed-conifer forest,37.68786103,-119.6852655,37.68786103,-119.6852655,37.68842899,-119.6856489,decimal degrees,EPSG:4326,WGS84,,,yes,unrestricted,,,"Lower grouse creek. Beginning of plot (50-100m) is pretty unburned, but there are a few high severity patches nearby. Spring just past the 50m. All large trees had baby cones. Original notes give estimates for the 30th and 31st tree, but this must be the 36th and 37th tree, respectively (filling in data sheet that way): 30th tree was ~70m out +20m side, DBH ~ 60, height ~30, no beetles, symptoms or flags, No DTOP, 98% live ~0m fire scar, cones. 31st tree ~80m out, 30m side, similar size to above, cones, no symptoms, other trees much farther mabe 50m +, different stand.",1890.06474,,,,,,32,219.5,320.5,57,60,50,10,Transect
74,,fire protocol,15900,square meters,6 hours,2023-08-27 09:00,2023-08-27 15:00,,US,California,Mariposa,mixed-conifer forest,37.69711554,-119.6955108,37.69711554,-119.6955108,37.69622881,-119.6940952,decimal degrees,EPSG:4326,WGS84,,,yes,unrestricted,,,"End waypoint on 66si. Slope at 0: 30.1, at 50: 25, at 150: 24. Aspect at 0: 225, at 50: 225: at 150: 228. Pretty open -- lots of rocks. Sloped; ravine around 130m (no water). Mix of big SD and live trees. Mostly PILA/PIPO regen. Epic view! Plot seems to be on the edge of a high severity zone, but most of plot is low severity with small HS patches. Saw cool hawk or falcon!",1974.494337,,,,,,30,237.5,141.5,159,100,50,10,Transect
75,,primary protocol,20000,square meters,3 hours,2023-10-09 14:30,2023-10-09 17:30,,US,California,Tuolumne,mixed-conifer forest,37.93797489,-119.4666835,37.93797489,-119.4666835,37.93822732,-119.4662482,decimal degrees,EPSG:4326,WGS84,,,yes,unrestricted,,,"PILA seedlings within 50m of transect and on the way up about 100m out, 90m to the side. One mature PILA 160m from tree 8 @28 degrees, about 100 DBH, 30 height, yellowing needles, ipps, thinning top. One other mature PILA similar distance further upslope, no symptoms, 55m out, 90m side. 13-15 mature PILA in a clump right next to Return Creek about 230m downslope from the 50m. 6-7 large sapling and mature PILA in a stand about 120-170m downslope from 50m end running past the 0 end captured in balloon plot. Except 2 50-80 DBH, 30 height, with cones, healthy, 99% live, 1 about 30m downslope and toward trail from tree 10, 1 near point 361 (end of the stand). -40 to +106m for main transect survey, remaining trees in very messy balloon on right side of transect towards creek.",2094.585533,,,,,,33,156.5,65.5,200,100,50,10,Balloon
76,,primary protocol,6759,square meters,3 hours,2023-09-16 00:00,2023-09-16 00:00,,US,California,Mariposa,mixed-conifer forest,37.63989984,-119.6886589,37.63989984,-119.6886589,37.6398392,-119.6895061,decimal degrees,EPSG:4326,WGS84,,,yes,unrestricted,,,"UCSB final plot! National Gaucamole Day!! Started in a very slight ravine. Pretty open with some CEIN patches. ~60m from 120 road. PILA/CADE/ some ABCO regen. Lots of PILA regen! Nice open space, large trees are far apart; sunlight gets through to floor. DIstinction between seedlings in 50 vs 100 not made so added altogether in 50 m. Start of the plot slope is 7.8 and end of the plot slope is 3.4. The beginning of plot aspect is 164 degrees and ending aspect is 165 degrees.",1751.380744,,,,,,7.8,176.5,266.5,75.1,90,50,10,Transect
